-86.752554,33.460451,WF - Mountain Brook,"3100 Cahaba Village Plaza, Birmingham, AL 35243,205.912.8400,205.912.8410 fax,8:00 a.m. to 10:00 p.m. Monday to Saturday,9:00 a.m. to 9:00 p.m. Sunday"
-110.921533,32.235935,WF - Speedway,"3360 E. Speedway Blvd., Tucson, AZ 85716,520.795.9844,520.795.8567 fax,7:00 a.m. to 10:00 p.m. seven days a week."
-111.894228,33.618542,WF - Raintree,"8688 East Raintree Drive, Scottsdale, AZ 85260,480.368.1279,480.368.1463 fax,8:00 a.m. to 9:00 p.m. seven days a week."
-110.977746,32.33624,WF - Oracle,"7133 Oracle Rd, Tucson, AZ 85704,520.297.5394,520.742.1761 fax,8:00 a.m. to 9:00 p.m. seven days a week."
-111.928906,33.378687,WF - Tempe,"5120 S. Rural Rd, Tempe, AZ 85282,480.456.1400,480.456.1490 fax,8:00 a.m. to 10:00 p.m. seven days a week."
-111.978134,33.584612,WF - Paradise Valley,"10810 N Tatum Blvd, Phoenix, AZ 85028,602.569.7600,602.867.1598 fax,7:00 a.m. to 10:00 p.m. seven days a week."
-111.927354,33.654928,WF - Scottsdale,"7111 E. Mayo Blvd., Phoenix, AZ 85054,480.515.3777,480.502.5675 fax,7:00 a.m. to 10:00 p.m. seven days a week."
-111.892393,33.320132,WF - Chandler,"2955 West Ray Road,Chandler, AZ 85224,480.821.9447,480.899.3045 fax,8:00 a.m. to 10:00 p.m. seven days a week."
-92.392846,34.770292,WF - Little Rock,"10700 N. Rodney Parham, Little Rock, AR 72212,501.221.2331,501.221.9726 fax,8:00 a.m. to 9:00 p.m. Every Day"
-122.453282,37.769486,WF - Haight Street,"690 Stanyan Street, San Francisco, CA 94117,415.876.6740,415.876.6730 fax,8:00 a.m. - 10:00 p.m. Every Day"
-118.495021,34.032517,WF - Montana Avenue,"1425 Montana Ave., Santa Monica, CA 90403,310.576.4707,310.576.4710 fax,8:00 a.m. to 9:00 p.m. seven days a week."
-122.039909,37.323129,WF - Cupertino,"20955 Stevens Creek Blvd, Cupertino, CA 95014,408.257.7000,408.257.1475 fax,8:00 a.m. to 10:00 p.m. seven days a week."
-122.117711,37.892877,WF - Lafayette,"3502 Mt. Diablo Blvd,Lafayette, CA 94549,925.284.5305,925.284.5315 fax,8am - 9pm Everyday"
-118.397859,34.069018,WF - Beverly Hills,"239 North Crescent Dr, Beverly Hills, CA 90210,310.274.3360,310.274.8149 fax,7:00 a.m. to 10:00 p.m. seven days a week."
-118.596427,34.167794,WF - Woodland Hills,"21347 Ventura Blvd, Woodland Hills, CA 91364,818.610.0000,818.610.0040 fax,7:00 a.m. to 10:00 p.m. seven days a week."
-117.872815,33.614678,WF - Newport Beach,"415 Newport Center Drive, Newport Beach  California  92660, Phone: 949-999-8572, Store Hours: 7:00 am to 10:00pm. Seven days a Week. Back Bay Tavern 11:00 am to 10:00 pm. Seven days a week."
-121.266042,38.766312,WF - Roseville,"1001 Galleria Blvd., Roseville, CA 95678,916.781.5300,916.781.5424 fax,8:00 a.m. to 9:00 p.m. seven days a week."
-122.673922,38.442259,WF - Santa Rosa,"1181 Yulupa Ave, Santa Rosa, CA 95405,707.575.7915,707.575.8074 fax,8:00 a.m. to 9:00 p.m. seven days a week."
-117.78397,33.543968,WF - Laguna Beach,"283 Broadway St., Laguna Beach, CA 92651,949.376.7888,949.376.7889 fax,7:00 a.m. to 9:00 p.m. seven days a week."
-121.74127,38.541659,WF - Davis,"500 First Street, Davis  California  95616, Phone: 530.750.2266, Store Hours: 7 a.m. - 9 p.m. seven days a week"
-122.231204,37.482327,WF - Redwood City,"1250 Jefferson Ave, Redwood City, CA 94062,650.367.1400,650.367.1414 fax,8:00 a.m. to 10:00 p.m. seven days a week"
-122.535859,37.896086,WF - Mill Valley,"414 Miller Ave, Mill Valley, CA 94941,415.381.1200,415.381.1036 fax,8:00 a.m. to 8:00 p.m. seven days a week."
-122.259834,37.85609,WF - Berkeley,"3000 Telegraph Ave, Berkeley, CA 94705,510.649.1333,510.649.1474 fax,8:00 a.m. to 10:00 p.m. seven days a week."
-122.634196,38.240377,WF - Petaluma,"621 E. Washington St, Petaluma, CA 94952,707.762.9352,707.762.8709 fax,8:00 a.m. to 9:00 p.m. seven days a week."
-118.245595,34.150658,WF - Glendale,"331 North Glendale Ave, Glendale, CA 91206,818.548.3695,818.548.5248 fax,7:00 a.m. to 10:00 p.m. seven days a week."
-118.467255,34.053543,WF - Brentwood,"11737 San Vicente Blvd, Los Angeles, CA 90049,310.826.4433,310.826.6653 fax,7:00 a.m. to 10:00 p.m. seven days a week."
-122.109944,37.399098,WF - Los Altos,"4800 El Camino Real, Los Altos, CA 94022,650.559.0300,650.559.0301 fax,8:00 a.m. to 10:00 p.m. seven days a week."
-121.962677,37.236096,WF - Los Gatos,"15980 Los Gatos Blvd, Los Gatos, CA 95032,408.358.4434,408.358.4433 fax,7:30 a.m. to 9:00 p.m. seven days a week.,Bakery and Cafe open at 7:30 a.m. daily."
-121.363917,38.595698,WF - Sacramento,"4315 Arden Way, Sacramento, CA 95864,916.488.2800,916.488.2801 fax,8:00 a.m. to 9:00 p.m. seven days a week."
-117.71374,33.555318,WF - Laguna Niguel,"23932 Aliso Creek Road, Laguna Niguel, CA 92677, 949.900.5830, 949.900.5840 fax, 7am - 10pm"
-119.745648,34.440401,WF - Santa Barbara,"3761 State Street, Santa Barbara, CA 93105,805-837-6959,805-837-6967 fax,8:00AM - 10:00PM Everyday"
-117.293084,33.044019,WF - Encinitas,"687 S. Coast Highway 101, Encinitas, CA 92024,760.274.1580,Everyday: 7am - 9pm"
-117.15804,32.748249,WF - Hillcrest,"711 University Ave, San Diego, CA 92103,619.294.2800,619.294.2830 fax,8:00 a.m. to 10:00 p.m. seven days a week."
-118.147593,34.137616,WF - Arroyo,"465 South Arroyo Parkway, Pasadena, CA 91105,626.204.2266,626.204.2277 fax,7:00 a.m. to 10:00 p.m. seven days a week."
-121.93155,37.29278,WF - Campbell,"1690 South Bascom Ave, Campbell, CA 95008,408.371.5000,408.371.8784 fax,8:00 a.m. to 10:00 p.m. seven days a week"
-122.261018,37.812663,WF - Oakland,"230 Bay Place, Oakland, CA 94612,510.834.9800,510.834.9900 fax,8:00 a.m. to 10:00 p.m. seven days a week."
-121.963826,36.974335,WF - Capitola,"1710 41st Avenue, Capitola, CA 95010,831.464.2900,831.464.2910 fax,8:00 a.m. - 9:00 p.m. seven days a week."
-117.233263,32.867942,WF - La Jolla,"8825 Villa La Jolla Dr, La Jolla, CA 92037,858.642.6700,858.642.6730 fax,7:00 a.m. to 10:00 p.m. seven days a week."
-122.014158,36.978853,WF - Santa Cruz,"911 Soquel Ave, Santa Cruz, CA 95062,831.426.9901,8:00 a.m. - 9:00 p.m. Every Day"
-118.437823,34.022916,WF - West Los Angeles,"11666 National Blvd, Los Angeles, CA 90064,310.996.8840,310.996.9510 fax,7am - 10pm seven days a week."
-118.395989,33.904149,WF - El Segundo,"760 South Sepulveda Blvd., El Segundo, CA 90245,310.333.1900,310.333.1910 fax,7:00 a.m. to 10:00 p.m. seven days a week."
-118.109317,33.755837,WF - Long Beach,"6550 E. Pacific Coast Highway, Long Beach, CA 90803,562.598.8687,562.598.8680 fax,7:00 a.m. to 10:00 p.m. seven days a week."
-118.4972,34.019876,WF - Wilshire Blvd,"500 Wilshire Blvd., Santa Monica, CA 90401,310.395.4510,310.395.5969 fax,7:00 a.m. to 10:00 p.m. seven days a week."
-121.900349,36.584438,WF - Monterey,"800 Del Monte Center, Monterey, CA 93940,831.333.1600,831.333.1660 fax,8:00 a.m. to 9:00 p.m. seven days a week."
-122.516815,37.970657,WF - San Rafael,"340 Third St, San Rafael, CA 94901,415.451.6333,415.451.6344 fax,8:00 a.m. to 9:00 p.m. seven days a week."
-122.402679,37.764135,WF - Potrero Hill,"450 Rhode Island St, San Francisco, CA 94107,415.552.1155,415.552.1144 fax,8am to 10pm seven days a week"
-117.99149,33.732085,WF - Huntington Beach,"7881 Edinger Ave Suite 150, Huntington Beach, CA 92647,657.200.4200,7am - 10pm Everyday"
-121.119582,38.648862,WF - Folsom,"270 Palladio Parkway, Folsom, CA 95630, 916.984.8500, 916.984.8510 fax, Sun-Thurs 8am-9pm Fri-Sat 8am-10pm"
-118.46668,34.152025,WF - Sherman Oaks West,"4520 N. Sepulveda Blvd, Sherman Oaks, CA 91403,818.382.3700,818.382.3710 fax,7am-10pm Monday to Friday,8am-10pm Saturday and Sunday"
-118.481518,34.032861,WF - Santa Monica,"2201 Wilshire Blvd, Santa Monica, CA 90403,310.315.0662,310.315.0665 fax,7:00 a.m. to 10:00 p.m. seven days a week."
-118.555016,34.274784,WF - Porter Ranch,"19340 Rinaldi St, Northridge, CA 91326,818.363.3933,818.363.2940 fax,8:00 a.m. to 10:00 p.m. seven days a week."
-122.42332,37.790103,WF - Franklin,"1765 California St, San Francisco, CA 94109,415.674.0500,415.674.0505 fax,8:00 a.m. to 10:00 p.m. seven days a week"
-118.414041,34.157793,WF - Sherman Oaks,"12905 Riverside Dr, Sherman Oaks, CA 91423,818.762.5548,818.762.0406 fax,7:00 a.m. to 10:00 p.m. seven days a week."
-118.540809,34.170686,WF - Tarzana,"18700 Ventura Blvd, Tarzana, CA 91356,818.578.7840,8am - 10pm Everyday"
-122.565924,38.10561,WF - Novato,"790 De Long Avenue, Novato, CA 94945,415.878.0455,Mon-Sun: 8am-9pm"
-118.332357,33.791554,WF - Torrance,"2655 Pacific Coast Hwy, Torrance, CA 90505,310.257.8700,310.257.8710 fax,8:00 a.m. to 9:00 p.m. seven days a week."
-122.430868,37.751889,WF - Noe Valley,"3950 24th Street, San Francisco, CA 94114,415.282.4700,415.282.4710 fax,8am-10pm daily"
-122.823604,38.403669,WF - Sebastopol,"6910 McKinley St, Sebastopol, CA 95472,707.829.9801,707.829.7856 fax,8:00 a.m. to 9:00 p.m. seven days a week."
-122.306463,38.322541,WF - Napa,"3682 Bel Aire Plaza, Napa, CA 94558,707.224.6300,707.224.6311 fax,8:00 a.m. to 9:00 p.m.seven days a week,Coffee bar open 6:00 a.m. to 7:30 p.m."
-118.360365,34.071303,WF - Fairfax,"6350 West 3rd St, Los Angeles, CA 90036,323.964.6800,323.964.6830 fax,7:00 a.m. to 11:00 p.m. seven days a week."
-118.360909,34.090968,WF - West Hollywood,"7871 Santa Monica Blvd, West Hollywood, CA 90046,323.848.4200,323.848.4250 fax,7:00 a.m. to 11:00 p.m. seven days a week.,Lifestyle 11:00 a.m. to 7:00 p.m. seven days a week."
-122.291807,37.54445,WF - San Mateo,"1010 Park Place, San Mateo, CA 94403,650.358.6900,650.358.6901 fax,8:00 a.m. to 10:00 p.m. seven days a week."
-118.447074,34.061174,WF - Westwood,"1050 Gayley Ave, Los Angeles, CA 90024,310.824.0858,7:00 a.m. to 10:00 p.m. seven days a week."
-118.874357,34.18832,WF - Thousand Oaks,"740 North Moorpark Rd, Thousand Oaks, CA 91360-3705,805.777.4730,805.777.4740 fax,8:00 a.m. to 10:00 p.m. seven days a week"
-122.159504,37.442468,WF - Palo Alto,"774 Emerson St, Palo Alto, CA 94301,650.326.8676,650.326.0539 fax,8:00 a.m. to 10:00 p.m. seven days a week."
-121.960417,37.761562,WF - San Ramon,"100 Sunset Drive, San Ramon, CA 94583,925.355.9000,925.242.8095 fax,8:00 a.m. to 9:00 p.m. seven days a week."
-122.731642,38.458116,WF - Coddingtown,"390 Coddingtown Mall, Santa Rosa, CA 95401,707.542.7411,512.404.1754 fax,8am - 9pm Everyday"
-118.071868,34.150384,WF - Pasadena,"3751 E. Foothill Blvd, Pasadena, CA 91107,626.351.5994,626.351.1664 fax,7:00 a.m. to 10:00 p.m. seven days a week."
-122.455,37.723901,WF - Ocean,"1150 Ocean Ave, San Francisco, CA 94112, 415.333.7400, 415.333.7410 fax, 8:00 a.m. to 10:00 p.m. Seven days a week."
-118.388143,33.847252,WF - Redondo Beach,"405 North Pacific Coast Hwy, Redondo Beach, CA 90277,310.376.6931,310.376.7651 fax,8:00 a.m. to 10:00 p.m. seven days a week."
-117.823746,33.698041,WF - Jamboree,"2847 Park Avenue, Tustin, CA 92782,714.566.7650,714.566.7840 fax,7:00 a.m. to 10:00 p.m. every day."
-122.055191,37.893605,WF - Walnut Creek,"1333 Newell Ave, Walnut Creek, CA 94596,925.274.9700,925.274.9750 fax,8:00 a.m. to 10:00 p.m. seven days a week."
-119.805184,36.808548,WF - Fresno,"650 W. Shaw Ave, Fresno, CA 93704,559.241.0300,559.241.7040 fax,7:00 a.m. to 9:00 p.m. seven days a week."
-121.877587,37.250446,WF - Blossom Hill,"1146 Blossom Hill Rd., San Jose, CA 95118,408.266.3700,8am-10pm Everyday"
-122.525693,37.902433,WF - Blithedale,"731 East Blithedale, Mill Valley, CA 94941,415.381.3900,8am-9pm Everyday"
-118.55635,34.412892,WF - Valencia,"24130 Valencia Blvd, Santa Clarita, CA 91355,661.260.2377,661.260.2375 fax,8:00 a.m. to 10:00 p.m. seven days a week."
-122.399641,37.780875,WF - SoMa,"399 4th Street, San Francisco, CA 94107,415.618.0066,415.618.0050 fax,8:00 a.m. to 10:00 p.m. seven days a week."
-122.461512,38.292113,WF - Sonoma,"201 W.Napa St, Sonoma, CA 95476,707.938.8500,707.938.8557 fax,8:00 a.m. to 9:00 p.m. seven days a week."
-118.470077,34.001582,WF - Venice,"225 Lincoln Blvd., Venice, CA 90291,310.566.9480,310.566.9487 fax,7:00 a.m. to 10:00 p.m. seven days a week."
-105.169827,39.956474,WF - Superior,"303 Marshall Rd., Superior, CO 80027,720.274.1415,720.274.1420 fax,7:30 a.m. to 9:30 p.m. seven days a week."
-107.083317,39.387458,WF - Roaring Fork,"340 Reed Street, Basalt  Colorado  81621., (970) 927-1500, 7:30 a.m. to 10:00 p.m. Seven days a week."
-105.092259,39.623243,WF - Governor's Ranch,"5155 S. Wadsworth Blvd., Littleton  Colorado  80123-2217, Phone: 303-586-5220, Store Hours: 7 am to 10 pm Seven days a week"
-105.262134,40.000114,WF - Baseline,"2584 Baseline Rd., Boulder, CO 80305,303.499.7636,303.499.1467 fax,7:30 a.m. to 9:00 p.m. seven days a week."
-105.255818,40.023006,WF - Pearl,"2905 Pearl St, Boulder, CO 80301,303.545.6611,303.545.6633 fax,7:30 a.m. to 10:00 p.m. seven days a week."
-104.976294,39.733585,WF - Capitol Hill,"900 E. 11th Ave., Denver, CO 80218,303.832.7701,303.832.3498 fax,7:30 a.m. to 10:00 p.m. seven days a week."
-104.799301,38.941868,WF - Pikes Peak,"7635 North Academy Blvd, Colorado Springs, CO 80920-3207,719.531.9999,719.536.0101 fax,8:00 a.m. to 9:00 p.m. Sunday to Friday,8:00 a.m. to 9:00 p.m. Saturday"
-104.717634,38.878833,WF - First and Main,"3180 New Center Point, Colorado Springs, CO 80922,719.622.1099,719.638.1953 fax,8am - 9pm Everyday"
-104.958456,39.718419,WF - Cherry Creek,"2375 E. 1st Ave, Denver, CO 80206,720.941.4100,720.941.8999 fax,7:00 a.m. to 10:00 p.m. seven days a week."
-105.053464,39.864668,WF - Westminster,"9229 N. Sheridan Blvd., Westminster, CO 80031,303.650.2333,303.650.4882 fax,8:00 a.m. to 9:00 p.m. seven days a week."
-104.943541,39.545698,WF - Highlands Ranch,"9366 S. Colorado Blvd, Highlands Ranch, CO 80126,303.470.6003,303.470.7366 fax,8:00 a.m. to 9:00 p.m. seven days a week."
-105.162581,39.733211,WF - Colfax,"14357 W. Colfax Ave., Golden, CO 80401,303.277.1339,303.277.1327 fax,7:30 a.m. to 9:30 p.m. seven days a week."
-104.940484,39.700966,WF - Colorado Blvd,"870 S. Colorado Blvd., Glendale, CO 80246,303.691.0101,303.691.0204 fax,7:00 a.m. to 9:00 p.m. seven days a week."
-104.961243,39.593956,WF - South Glenn,"6853 South York Street, Suite 119, Centennial, CO 80122,303-996-3660,Every day: 8:00 a.m. - 10:00 p.m.,Coffee Bar: Open 7am"
-104.979418,39.696271,WF - Washington Park,"1111 S. Washington St., Denver, CO 80210,303.733.6201,303.733.6013 fax,7:00 a.m. to 9:00 p.m. seven days a week."
-105.081364,39.707805,WF - Belmar,"444 S.Wadsworth Blvd, Lakewood, CO 80226,303.935.5000,303.935.5206 fax,7:30 a.m. to 9:30 p.m. seven days a week."
-104.901539,39.653048,WF - Tamarac,"7400 E. Hampden Ave, Denver, CO 80231,303.488.2000,303.488.2008 fax,8:00 a.m. to 10:00 p.m. seven days a week."
-105.077298,40.55901,WF - Fort Collins,"2201 S College Ave, Fort Collins, CO 80525,970.267.9200,970.267.9201 fax,7:00 a.m. to 10:00 p.m. seven days a week."
-105.280914,40.025648,WF - Ideal Market,"1275 Alpine Ave., Boulder, CO 80304,303.443.1354,303.443.4231 fax,7:00 a.m. to 10:00 p.m. seven days a week."
-72.739254,41.760885,WF - West Hartford,"50 Raymond Rd, West Hartford, CT 06107,860.523.8500,860.523.8505 fax,8:00 a.m. to 10:00 p.m. seven days a week."
-73.474925,41.072968,WF - Darien,"150 Ledge Road, Darien, CT 06820,203.662.0577,8:00am-10:00pm Every Day"
-73.624018,41.033487,WF - Greenwich,"90 E. Putnam Ave, Greenwich, CT 06830,203.661.0631,203.661.9375 fax,8:00 a.m. to 10:00 p.m. seven days a week."
-72.746516,41.783774,WF - Bishops Corner,"340 N. Main St., West Hartford, CT 06117,860.523.7174,860.523.7606 fax,8:00 a.m. to 9:00 p.m. seven days a week"
-72.608575,41.713695,WF - Glastonbury,"55 Welles Street, Glastonbury, CT 06033,860.652.9800,860.652.0027 fax,8:00 a.m. to 9:00 p.m. seven days a week."
-73.2419,41.157197,WF - Fairfield,"350 Grasmere Avenue, Fairfield, CT 06824,203.319.9544,Every Day: 8am to 10pm"
-73.024516,41.248248,WF - Milford,"1686 Boston Post Road, Milford, CT 06460,203.874.0883,203.874.0850 fax,8:00 a.m. to 10:00 p.m. seven days a week."
-73.379348,41.129118,WF - Westport,"399 Post Road West, Westport, CT 06880,203.227.6858,203.227.5605 fax,8:00am-10:00pm daily"
-77.071885,38.921191,WF - Georgetown,"2323 Wisconsin Ave N.W., Washington, DC 20007,202.333.5393,202.333.5392 fax,8:00 a.m. to 10:00 p.m. seven days a week."
-77.049386,38.900846,WF - Foggy Bottom,"2201 Eye Street NW,Washington, DC 20037,202.296.1660,8am-10pm Daily"
-77.033042,38.909521,WF - P Street,"1440 P Street NW, Washington, DC 20005,202.332.4300,202.265.0061 fax,8:00 a.m. to 10:30 p.m. seven days a week."
-77.078854,38.948512,WF - Tenley Town,"4530 40th St NW, Washington, DC 20016,202.237.5800,202.237.1115 fax,8am-10pm Monday - Saturday,8am-9pm Sunday"
-80.349368,26.006924,WF - Pembroke Pines,"14956 Pines Blvd, Pembroke Pines, FL 33027, 1 954.392.3500, 8:00 a.m. to 10:00 p.m. seven days a week."
-80.118364,26.153376,WF - Fort Lauderdale,"2000 N Federal Hwy, Fort Lauderdale, FL 33305,954.565.5655,954.565.7505 fax,8:00 a.m. to 10:00 p.m. seven days a week."
-82.504054,28.09282,WF - Carrollwood,"3802 Northdale Blvd., Tampa  Florida  33624-1833., Phone: 813-264-3600, Store Hours: 8 a.m. to 10 p.m. - 7 days a week"
-80.325057,25.662832,WF - Pinecrest,"11701 S. Dixie Hwy, Pinecrest, FL 33156,305.969.5800,305.969.5801 fax,8:00 a.m. to 10:00 p.m. seven days a week."
-81.624764,30.185405,WF - Jacksonville,"10601 San Jose Blvd, Jacksonville, FL 32257,904.288.1100,904.288.1101 fax,8:00 a.m. to 9:00 p.m. seven days a week."
-80.203972,26.640999,WF - Wellington,"2635 State Road 7 , Wellington, FL 33414,561.904.4000,561.904.4001 fax,8am-10pm Monday - Saturday,9am-9pm Sunday"
-80.252176,26.105246,WF - Plantation,"7720 Peters Rd, Plantation, FL 33324,954.236.0600,954.236.0656 fax,8:00 a.m. to 10:00 p.m. seven days a week."
-80.093165,26.847672,WF - Palm Beach Gardens,"11701 Lake Victoria Gardens Ave, Palm Beach Gardens, FL 33410-2706,561.691.8550,561.691.8540 fax,8:00 a.m. to 10:00 p.m. seven days a week."
-80.254374,26.2414,WF - Coral Springs,"810 University Drive, Coral Springs, FL 33071,954.753.8000,954.753.9504 fax,8:00 a.m. to 10:00 p.m. Monday to Saturday,8:00 a.m. to 9:00 p.m. Sunday."
-80.141056,25.780839,WF - South Beach,"1020 Alton Rd., Miami Beach, FL 33139,305.938.2800,305.938.2801 fax,8:00 a.m. to 11:00 p.m. seven days a week."
-82.541647,27.337399,WF - Sarasota,"1451 1st Street, Sarasota, FL 34236,941.955.8500,941.955.8530 fax,8am-9pm. Monday to Saturday,9am-9pm Sunday"
-80.143389,25.970949,WF - Aventura,"21105 Biscayne Blvd, Aventura, FL 33180,305.933.1543,305.933.2567 fax,8:00 a.m. to 10:00 p.m. seven days a week."
-82.505694,27.95682,WF - Tampa,"1548 North Dale Mabry Highway., Tampa, FL 33607,813.874.9435,813.874.9724 fax,9:00 a.m. to 9:00 p.m. seven days a week."
-81.325481,28.600703,WF - Winter Park,"1989 Aloma Ave, Winter Park, FL 32792,407.673.8788,407.677.7640 fax,8:00 a.m. to 10:00 p.m. seven days a week."
-81.476876,28.44936,WF - Orlando,"8003 Turkey Lake Road, Phillips Crossing, Orlando, FL 32819,407.355.7100,407.355.7101 fax,8:00 a.m. to 10:00 p.m. seven days a week."
-80.285494,25.709429,WF - Coral Gables,"6701 Red Road, Coral Gables, FL 33143,305.421.9421,8:00 a.m. to 10:00 p.m. seven days a week."
-81.800744,26.254163,WF - Naples,"9101 Strada Place, Naples, FL 34108,239.552.5100,239.552.5101 fax,Mon-Sat: 8am - 10pm,Sunday: 8am - 9pm"
-80.108863,26.365371,WF - Boca Raton,"1400 Glades Rd, Boca Raton, FL 33431,561.447.0000,561.447.0001 fax,8:00 a.m. to 10:00 p.m. seven days a week."
-84.334337,33.81522,WF - Briarcliff,"2111 Briarcliff Rd NE, Atlanta, GA 30329,404.634.7800,404.634.0229 fax,8:00 a.m. to 9:00 p.m. Monday to Saturday,9:00 a.m. to 9:00 p.m. Sunday."
-84.425394,33.980812,WF - Merchant's Walk,"1311 Johnson Ferry Road NE, Suite 580,Marietta, GA 30068,8AM-10PM Monday-Sunday"
-84.512164,33.950099,WF - Cobb Harry's,"70 Powers Ferry Rd SE, Marietta, GA 30067,770.578.4400,770.509.8707 fax,9:00 a.m. to 9:00 p.m. Monday to Saturday,9:00 a.m. to 8:00 p.m. Sunday."
-84.379332,33.916826,WF - Sandy Springs,"5930 Roswell Rd, Atlanta, GA 30328,404.236.0810,404.236.0339 fax,7:00 a.m. to 10:00 p.m. Monday to Saturday,8:30 a.m. to 9:00 p.m. Sunday"
-84.365381,33.773479,WF - Ponce de Leon,"650 Ponce de Leon Ave NE, Atlanta, GA 30308,404.853.1681,404.853.1632 fax,8:00 a.m. to 10:00 p.m. Monday to Saturday,8:00 a.m. to 10:00 p.m. Sunday."
-84.381952,33.840434,WF - Buckhead,"77 West Paces Ferry Rd NW, Atlanta, GA 30305,404.324.4100,404.324.4110 fax,7:30am-10pm Monday to Saturday,9am-9pm Sunday"
-84.187878,34.01675,WF - Johns Creek,"5945 State Bridge Rd, Duluth, GA 30097,678.514.2400,678.514.2410 fax,8:00 a.m. to 10:00 p.m. Monday to Saturday,9:00 a.m. to 9:00 p.m. Sunday"
-84.325827,34.068138,WF - Alpharetta Harry's,"1180 Upper Hembree Rd, Roswell, GA 30076,770.664.6300,770.772.9070 fax,8:00 a.m. to 9:00 p.m. Monday to Saturday"
-157.786948,21.278403,WF - Honolulu,"4211 Wai'alae Avenue, Ste 2000, Honolulu, HI 96816,808.738.0820,808.738.0830 fax,7:00 a.m. to 10:00 p.m. seven days a week."
-157.742917,21.393892,WF - Kailua,"629 Kailua Road, Suite 100, Kailua, HI 96734 7 a.m. - 10 p.m. daily"
-156.464528,20.891556,WF - Maui,"70 Kaahumanu Ave #B, Kahului, HI 96732,808.872.3310,808.872.3320 fax,8am - 9pm Everyday"
-116.19418,43.606866,WF - Boise,"401 S. Broadway Street, Boise  Idaho  83702., Phone: 208.287.4600, Store Hours: 7:30am-10pm seven days a week The River Room will be open from 10:30am-10pm seven days a week."
-87.653223,41.91091,WF - Lincoln Park,"1550 N. Kingsbury Street, Chicago, IL 60642,312.587.0648,312.587.0606 fax,8:00 a.m. to 10:00 p.m. seven days a week."
-87.95224,41.774008,WF - Willowbrook,"201 63rd St, Willowbrook, IL 60527,630.655.5000,630.655.5005 fax,8:00 a.m. to 10:00 p.m. seven days a week."
-88.016501,42.135491,WF - Palatine,"1331 North Rand Rd, Palatine, IL 60074-2922,847.776.8080,847.776.8083 fax,8:00 a.m. to 9:00 p.m. seven days a week."
-87.62923,41.894991,WF - Gold Coast,"30 West Huron St, Chicago, IL 60654,312.932.9600,312.932.9700 fax,8:00 a.m. to 10:00 p.m. seven days a week."
-87.805994,41.888407,WF - River Forest,"7245 Lake St, River Forest, IL 60305,708.366.1045,708.366.1044 fax,8:00 a.m. to 10:00 p.m. seven days a week."
-87.649632,41.948359,WF - Halsted,"3640 N Halsted St, Chicago, IL 60613,773.472.0400,773.472.8340 fax,8:00 a.m. to 10:00 p.m. seven days a week."
-87.854439,41.613257,WF - Orland Park,"15260 S. LaGrange Road, Orland Park  Illinois  60462., Phone: 708-364-1350, Store Hours: 8 am – 10 pm Seven days a week"
-87.845743,42.166551,WF - Deerfield,"760 Waukegan Rd, Deerfield, IL 60015,847.444.1900,847.444.1231 fax,8:00 a.m. to 10:00 p.m. seven days a week."
-87.639083,41.868482,WF - South Loop,"1101 S. Canal St, Chicago, IL 60607,312.435.4600,312.435.4640 fax,8:00 a.m. to 10:00 p.m. seven days a week."
-87.748454,41.990167,WF - Sauganash,"6020 N Cicero Ave, Chicago, IL 60646,773.205.1100,773.205.1746 fax,8:00 a.m. to 10:00 p.m. seven days a week."
-88.098035,41.830219,WF - Wheaton,"151 Rice Lake Square, Wheaton, IL 60189,630.588.1500,630.588.0292 fax,8:00 a.m. to 10:00 p.m. seven days a week."
-87.668839,41.941633,WF - Lakeview,"3300 N. Ashland Ave, Chicago, IL 60657,773.244.4200,773.244.4074 fax,8:00 a.m. to 10:00 p.m. seven days a week."
-87.800177,42.105537,WF - Northbrook,"840 Willow Road, Northbrook, IL 60062,847.205.5353,847.205.9435 fax,8:00 a.m. to 9:00 p.m. seven days a week"
-87.679513,42.0469,WF - Evanston - North,"1640 Chicago Ave, Evanston, IL 60201,847.733.1600,847.733.1670 fax,8:00 a.m. to 10:00 p.m. seven days a week."
-88.036464,42.042261,WF - Schaumburg,"750 N. Martingale Rd., Schaumburg, IL 60173,847.585.5800,Every Day: 8:00am-10:00pm"
-87.918195,41.817868,WF - Hinsdale,"500 E. Ogden Ave., Hinsdale, IL 60521,630.986.8500,630.986.8588 fax,8:00 a.m. to 10:00 p.m. seven days a week."
-88.200212,41.747397,WF - Naperville,"2607 W. 75th Street, Naperville, IL 60540,630.579.7700,630.579.7799 fax,8:00 a.m. to 10:00 p.m. seven days a week."
-87.679962,42.037889,WF - Evanston - South,"1111 Chicago Ave., Evanston, IL 60202,847.475.9492,847.475.9497 fax,8:00 a.m. to 10:00 p.m. seven days a week."
-86.138236,39.912742,WF - Eighty-Sixth St,"1300 E. 86th St., Indianapolis, IN 46240,317.706.0900,317.706.0918 fax,Monday to Saturday 8:00 a.m. to 10:00 p.m.,Sunday 8:00 a.m. to 9:00 p.m."
-86.130156,39.999919,WF - Carmel,"14598 Clay Terrace Blvd., Carmel, IN 46032,317.569.1517,317.569.7382 fax,Monday to Saturday 8:00 a.m. to 10:00 p.m.,Sunday 8:00 a.m. to 9:00 p.m."
-93.758483,41.598989,WF - West Des Moines,"4100 University Ave, West Des Moines, IA 50266, 515.343.2600, 8:00 a.m. to 10:00 p.m. seven days a week."
-94.671628,38.963836,WF - 91st and Metcalf,"7401 West 91st St, Overland Park, KS 66212,913.652.9633,913.652.9646 fax,7:30 a.m. to 10:00 p.m. seven days a week."
-94.661885,38.912722,WF - 119th St,"6621 W. 119th St., Overland Park, KS 66209,913.663.2951,913.663.2968 fax,7:30 a.m. to 10:00 p.m. seven days a week."
-85.625437,38.250292,WF - Louisville,"4944 Shelbyville Rd, Louisville, KY 40207,502.899.5545,502.899.9695 fax,Mon - Sat: 8am to 10pm,Sundays: 8am to 9pm"
-84.524008,37.995843,WF - Lexington,"161 Lexington Green Circle, Lexington, KY 40503,859.971.8600,859.971.9020 fax,8am - 9pm Monday to Thursday,8am - 10pm Friday & Saturday,9am - 9pm Sunday"
-90.159156,30.003199,WF - Veterans,"3420 Veterans Blvd, Metairie, LA 70002,504.888.8225,504.888.8226 fax,8:00 a.m. to 10:00 p.m. seven days a week."
-90.117191,29.921135,WF - Arabella Station,"5600 Magazine St, New Orleans, LA 70115,504.899.9119,504.899.9210 fax,8am - 9pm: Monday through Saturday,8am - 8pm: Sunday"
-91.11089,30.430798,WF - Baton Rouge,"7529 Corporate Blvd, Baton Rouge, LA 70809,225.218.0452,225.218.9097 fax,8:00 a.m. to 10:00 p.m. seven days a week."
-70.25869,43.663939,WF - Portland,"2 Somerset St, Portland, ME 04101,207.774.7711,207.828.0201 fax,8:00 a.m. to 10:00 p.m. seven days a week."
-77.239644,39.123404,WF - Kentlands,"316 Kentlands Blvd, Gaithersburg, MD 20878,301.258.9500,301.670.3920 fax,8:00 a.m. to 9:00 p.m. seven days a week."
-77.022841,38.996564,WF - Silver Spring,"833 Wayne Ave, Silver Spring, MD 20910,301.608.9373,301.608.9366 fax,8:00 a.m. to 10:00 p.m. seven days a week."
-77.113353,39.042972,WF - Rockville,"11355 Woodglen Drive, Rockville, MD 20852,301.984.4880,Monday to Saturday: 8am to 10 pm, Sunday: 8am to 9 pm"
-76.539725,38.982187,WF - Annapolis,"200 Harker Place, Suite 100, Annapolis, MD 21401,410.573.1800,410.573.1801 fax,Monday - Saturday: 8am - 10pm,Sunday: 8am - 9pm"
-77.08691,38.961812,WF - Friendship Heights,"4420 Willard Ave., Chevy Chase, MD 20815,301.657.1520,301.657.1519 fax,Monday - Saturday: 8 am to 10 pm,Sunday: 8 am to 9 pm"
-76.600155,39.284168,WF - Harbor East,"1001 Fleet St., Baltimore, MD 21202,410.528.1640,410.528.1662 fax,8:00 a.m. to 10:00 p.m. Monday to Saturday,8:00 a.m. to 9:00 p.m. Sunday."
-77.105043,38.966015,WF - Bethesda,"5269 River Rd, Bethesda, MD 20816,301.984.4860,301.984.4870 fax,8:00 a.m. to 9:00 p.m. seven days a week."
-76.649322,39.367982,WF - Mount Washington,"1330 Smith Ave, Baltimore, MD 21209,410.532.6700,410.532.7002 fax,8:00 a.m. to 9:00 p.m. Seven days a week"
-71.274273,42.490073,WF - Bedford,"170 Great Rd, Bedford, MA 01730,781.275.8264,781.275.1571 fax,8:00 a.m. to 9:00 p.m. seven days a week."
-71.144697,42.65913,WF - Andover,"40 Railroad St., Andover, MA 01810,978.749.6664,978.749.0621 fax,Every Day: 8am - 9pm"
-71.143031,42.388594,WF - Fresh Pond,"200 Alewife Brook Pkwy, Cambridge, MA 02138,617.491.0040,617.497.9469 fax,8:00 a.m. to 10:00 p.m. seven days a week."
-71.421394,42.298211,WF - Framingham,"575 Worcester Rd, Framingham, MA 01701,508.628.9525,8:00 a.m. to 10:00 p.m. seven days a week."
-71.206518,42.329889,WF - Newton,"916 Walnut St, Newton, MA 02461,617.969.1141,617.964.5773 fax,8:00 a.m. to 10:00 p.m. seven days a week."
-71.200127,42.35361,WF - Newtonville,"647 Washington St, Newton, MA 02458,617.965.2070,617.965.9104 fax,8:00 a.m. to 10:00 p.m. seven days a week."
-71.165083,42.460504,WF - Woburn,"400 Cambridge Rd, Woburn, MA 01801,781.376.9600,781.376.9630 fax,8:00 a.m. to 9:00 p.m. seven days a week"
-71.140647,42.342655,WF - Brighton,"15 Washington St, Brighton, MA 02135,617.738.8187,617.566.8268 fax,8:00 a.m. to 10:00 p.m. seven days a week."
-71.065397,42.361322,WF - Charles River Plaza,"181 Cambridge St, Boston, MA 02114,617.723.0004,617.723.0404 fax,8:00 a.m. to 10:00 p.m. seven days a week."
-71.110885,42.32134,WF - Jamaica Plain,"413 Centre Street, Jamaica Plain, MA 02130, 617.553.5400, 617.553.5401 fax, 8am – 10pm daily"
-71.36842,42.363075,WF - Wayland,"317 Boston Post Rd, Wayland, MA 01778,508.358.7700,508.358.7515 fax,8:00 a.m. to 9:00 p.m. seven days a week"
-71.461576,42.11482,WF - Bellingham,"255 Hartford Ave, Bellingham, MA 02019,508.966.3331,508.966.0994 fax,8:00 a.m. to 9:00 p.m. seven days a week, except holidays."
-71.127437,42.417586,WF - Medford,"2151 Mystic Valley Parkway, Medford, MA 02155,781.395.4998,781.393.0784 fax,8:00 a.m. to 9:00 p.m. Monday to Sunday"
-71.102059,42.368126,WF - Prospect Street,"115 Prospect St, Cambridge, MA 02139,617.492.0070,617.492.5953 fax,7:30 a.m. to 10:30 p.m. seven days a week."
-71.17748,42.232577,WF - Dedham,"300 Legacy Place, Dedham, MA 02026,781-329-7100,781-329-7120 fax,8:00 a.m. to 10:00 p.m. seven days a week"
-71.286013,42.30176,WF - Wellesley,"442 Washington Street, Wellesley, MA 02482, 781.235.7262, 781.431.9730 fax, Everyday: 7am-10pm"
-71.086554,42.343507,WF - Symphony,"15 Westland Ave, Boston, MA 02115,617.375.1010,617.375.0169 fax,8:00 a.m. to 10:00 p.m. seven days a week."
-70.906626,42.180222,WF - Hingham,"94 Derby St, Hingham, MA 02043,781.741.8050,781.741.6040 fax,8:00 a.m. to 10:00 p.m. seven days a week."
-70.903203,42.480935,WF - Swampscott,"331 Paradise Rd, Swampscott, MA 01907,781.592.2200,781.592.2220 fax,8:00 a.m. to 9:00 p.m. seven days a week."
-71.114349,42.361968,WF - River Street,"340 River St, Cambridge, MA 02139,617.876.6990,617.876.6694 fax,8:00 a.m. to 10:00 p.m. seven days a week."
-72.558055,42.354022,WF - Hadley,"327 Russell St, Hadley, MA 01035,413.586.9932,413.584.4588 fax,8:00 a.m. to 10:00 p.m. seven days a week."
-83.698156,42.25737,WF - Ann Arbor,"3135 Washtenaw Ave, Ann Arbor, MI 48104,734.975.4500,734.975.4545 fax,8:00 a.m. to 10:00 p.m. seven days a week."
-83.058086,42.347934,WF - Detroit - Coming Soon,"3670 Woodward Ave. Suite 103B, Detroit  Michigan  48202., Phone: 313.258.4552, Store Hours: Opening 2013"
-83.184059,42.547619,WF - Troy,"2880 West Maple Rd, Troy, MI 48084,248.649.9600,248.649.1141 fax,8:00 a.m. to 10:00 p.m. seven days a week."
-83.159155,42.681597,WF - Rochester Hills,"2918 Walton Blvd, Rochester Hills, MI 48309,248.371.1400,248.371.1450 fax,9:00 a.m. to 10:00 p.m. seven days a week."
-83.36064,42.530619,WF - West Bloomfield,"7350 Orchard Lake Rd, West Bloomfield, MI 48322,248.538.4600,248.538.4601 fax,8:00 a.m. to 10:00 p.m. seven days a week."
-83.758221,42.246946,WF - Cranbrook,"990 W. Eisenhower Parkway, Ann Arbor, MI 48103,734.997.7500,734.997.7544 fax,8:00 a.m. to 10:00 p.m. seven days a week."
-93.32155,44.946869,WF - Lake Calhoun,"3060 Excelsior Blvd, Minneapolis, MN 55416,612.927.8141,612.927.7996 fax,8:00 a.m. to 10:00 p.m. seven days a week."
-93.445443,44.973632,WF - Minnetonka,"1001 Plymouth Road,Minnetonka, MN 55305,Everyday: 8am - 10pm"
-93.177001,44.940605,WF - St Paul,"30 South Fairview Ave, St Paul, MN 55105,651.690.0197,651.690.0382 fax,8:00 a.m. to 10:00 p.m. seven days a week."
-93.327489,44.867501,WF - Edina,"7401 France Ave S., Edina, MN 55435, 952.830.3500, 8am-10pm daily"
-90.346612,38.627183,WF - Galleria,"1601 S. Brentwood Blvd, St Louis, MO 63144,314.968.7744,314.968.7734 fax,8:00 a.m. to 10:00 p.m. seven days a week."
-90.516513,38.622102,WF - Town and Country,"1160 Town and Country Crossing Drive, Town and Country, MO 63017,636.527.1160,636.527.1166 fax,9:00 a.m. to 9:00 p.m. seven days a week."
-96.069673,41.260782,WF - Omaha,"10020 Regency Circle, Omaha, NE 68114,402.393.1200,402.393.1221 fax,8 a.m. to 10 p.m. Monday - Saturday,8 a.m. to 9 p.m. Sunday"
-119.78768,39.47358,WF - Reno,"6139 S. Virginia Street, Reno, NV 89502,775.852.8023,775.852.8069 fax,8:00 a.m. to 9:00 p.m. seven days a week."
-115.083661,36.021663,WF - Henderson,"100 S. Green Valley Pkwy, Henderson, NV 89012,702.361.8183,702.614.1927 fax,7:00 a.m. to 10:00 p.m. seven days a week."
-115.288332,36.158823,WF - Fort Apache,"8855 West Charleston Blvd., Las Vegas, NV 89117,702.254.8655,702.254.9080 fax,8:00 a.m. to 10:00 p.m. seven days a week."
-115.249284,36.196252,WF - Tenaya,"7250 W. Lake Mead Blvd., Las Vegas, NV 89128,702.942.1500,702.942.1507 fax,8:00 a.m. to 9:00 p.m. seven days a week."
-115.174066,36.067384,WF - Las Vegas Blvd.,"6689 Las Vegas Blvd., Las Vegas, NV 89119,702.589.7711,8am - 10pm, 7 days a week"
-74.938572,39.907601,WF - Marlton,"940 Route 73 North, Marlton, NJ 08053,856.797.1115,856.797.1660 fax,8:00 a.m. to 10:00 p.m. Monday to Saturday,8:00 a.m. to 9:00 p.m. Sunday."
-74.122941,40.978879,WF - Ridgewood,"44 Godwin Ave, Ridgewood, NJ 07450,201.670.0383,201.670.3884 fax,8:00 a.m. to 10:00 p.m. seven days a week."
-74.247082,40.804613,WF - West Orange,"235 Prospect Ave, West Orange, NJ 07052,973.669.3196,973.669.3768 fax,8:00 a.m. to 10:00 p.m. seven days a week"
-74.629349,40.33884,WF - Princeton,"3495 US Route 1 South, Princeton, NJ 08540,609.799.2919,609.799.2918 fax,8:00 a.m. to 10:00 p.m. every day."
-74.088685,40.375396,WF - Middletown,"471 State Route 35, Red Bank, NJ 07701-5036,732.758.1688,732.758.1680 fax,8:00 a.m. to 10:00 p.m. seven days a week."
-74.286641,40.717061,WF - Millburn - Union,"2245 Springfield Ave., Vauxhall, NJ 07088,908.688.1455,8:00 a.m. to 10:00 p.m. seven days a week."
-73.973981,40.825696,WF - Edgewater,"905 River Road, Edgewater, NJ 07020,201.941.4000,201.941.4085 fax,8:00 a.m. to 10:00 p.m. seven days a week."
-74.222774,40.818139,WF - Montclair,"701 Bloomfield Ave, Montclair, NJ 07042,973.746.5110,973.746.8119 fax,8:00 a.m. to 10:00 p.m. seven days a week."
-74.056777,40.915328,WF - Paramus,"300 Bergen Town Center, Paramus, NJ 07652,201.226.1244,8:00 a.m. to 10:00 p.m. Seven days a week"
-74.405392,40.752974,WF - Rose City,"222 Main St, Madison, NJ 07940,973.822.8444,973.822.0192 fax,8:00 a.m. to 10:00 p.m. seven days a week."
-105.953868,35.674526,WF - St. Francis,"1090 S. Saint Francis Dr., Santa Fe, NM 87505,505.983.5333,505.986.6087 fax,7:30 a.m. to 9:00 p.m. seven days a week."
-106.554679,35.146933,WF - Academy,"5815 Wyoming Blvd NE, Albuquerque, NM 87109,505.856.0474,505.858.3048 fax,7:30 a.m. to 10:00 p.m. seven days a week."
-105.949788,35.679588,WF - Cerrillos,"753 Cerrillos Rd, Santa Fe, NM 87505,505.992.1700,505.992.2988 fax,7:30 a.m. to 10:00 p.m. seven days a week."
-106.604409,35.102203,WF - Indian School Plaza,"2103 Carlisle Blvd. NE, Albuquerque, NM 87110,505.260.1366,505.260.1392 fax,7:00 a.m. to 10:00 p.m. seven days a week."
-73.966654,40.79467,WF - Upper West Side,"808 Columbus Avenue, New York, NY 10025,212.222.6160,Everyday: 8am to 11pm,Wine Store: Monday - Saturday: 9am to 10pm,Sunday: 12pm to 9pm"
-73.995108,40.74511,WF - Chelsea,"250 7th Ave, New York, NY 10001,212.924.5969,212.924.9923 fax,8:00 a.m. to 11:00 p.m. seven days a week.Whole Body open until 10:00 p.m."
-74.011395,40.715554,WF - Tribeca,"270 Greenwich Street, New York, NY 10007,212.349.6555,212.349.6550 fax,8:00 a.m. to 11:00 p.m. seven days a week."
-73.992394,40.723841,WF - Bowery,"95 East Houston St, New York, NY 10002,212.420.1320,212/420.1360 fax,8:00 a.m. to 11:00 p.m. seven days a week."
-73.758247,41.028011,WF - White Plains,"110 Bloomingdale Rd, White Plains, NY 10605,914.288.1300,914.288.1320 fax,8am to 10pm seven days a week"
-73.990646,40.73469,WF - Union Square,"4 Union Square South, New York, NY 10003,212.673.5388,212.673.5393 fax,8:00 a.m. to 11:00 p.m. seven days a week."
-73.671695,40.796701,WF - Manhasset,"2101 Northern Blvd, Manhasset, NY 11030,516.869.8900,516.869.9250 fax,8:00 a.m. to 10:00 p.m. seven days a week."
-73.966089,40.759626,WF - 57th Street,"226 East 57th Street, Between 2nd & 3rd Avenue, New York  New York  10022., 646-497-1222, 8am to 11pm. Seven days a week."
-73.858098,40.965017,WF - Yonkers,"One Ridge Hill Blvd, Yonkers, NY 10710, 914.378.8090, 914.378.8095 fax, 8am-10pm"
-73.534679,40.787358,WF - Jericho,"429 North Broadway, Jericho, NY 11753-2106,516.932.1733,516.932.1730 fax,8:00 a.m. to 10:00 p.m. seven days a week."
-73.125837,40.869602,WF - Lake Grove Commons,"120 New Moriches Road, Lake Grove, NY 11755,631.588.1466,8AM-10PM Everyday"
-73.987042,40.766374,WF - Columbus Circle,"10 Columbus Circle, New York, NY 10019,212.823.9600,212.823.9610 fax,8:00 a.m. to 11:00 p.m. seven days a week."
-80.837851,35.150895,WF - Charlotte,"6610 Fairview Rd., Charlotte  North Carolina  28210., 980.213.2400, 7 am to 10 pm seven days a week"
-79.834042,36.086173,WF - Greensboro Friendly,"3202 West Friendly Avenue, Greensboro, NC 27408, 336-398-2880, 336-297-5046 fax, 7am-10pm (Monday - Sunday)"
-77.90127,34.213575,WF - Wilmington,"3804 Oleander Drive, Wilmington, NC 28403, 910-777-2499, 9am-10pm Opening Day 7am-10pm seven days a week"
-80.274997,36.095159,WF - Winston-Salem,"41 Miller St, Winston-Salem, NC 27104,336.722.9233,336.722.9231 fax,8:00 a.m. to 9:00 p.m. seven days a week."
-78.685317,35.801417,WF - Raleigh,"3540 Wade Ave, Raleigh, NC 27607,919.828.5805,919.828.5825 fax,8:00 a.m. to 9:00 p.m. seven days a week."
-78.777898,35.736574,WF - Cary,"102B New Waverly Place, Cary, NC 27518,919.816.8830,919.816.8831 fax,7:30 a.m. to 9:00 p.m. seven days a week."
-79.028049,35.933874,WF - Chapel Hill,"81 South Elliot Rd, Chapel Hill, NC 27514,919.968.1983,919.967.0228 fax,7:00 a.m. to 9:00 p.m. seven days a week."
-78.650237,35.898892,WF - North Raleigh,"8710 Six Forks Rd, Raleigh, NC 27615,919.354.0350,7am - 10pm Everyday"
-78.919915,36.006208,WF - Durham,"621 Broad St, Durham, NC 27705,919.286.2290,919.286.7819 fax,7:30 a.m. to 10:00 p.m. seven days a week."
-82.554488,35.601992,WF - Greenlife Grocery Asheville,"70 Merrimon Ave, Asheville, NC 28801,828.254.5440,Monday - Saturday: 7am-9pm ,Sunday: 9am-9pm"
-83.087957,40.095239,WF - Columbus,"3670 W. Dublin-Granville Rd, Columbus, OH 43235,614.760.5556,Monday - Thursday: 8am - 9pm,Friday & Saturday: 8am - 10pm,Sunday: 9am - 9pm"
-81.48695,41.46252,WF - Chagrin,"27249 Chagrin Blvd, Woodmere, OH 44122,216.464.9403,216.464.9319 fax,8am-9pm Every Day"
-84.319892,39.30772,WF - Mason,"5805 Deerfield Blvd., Mason, OH 45040,513.398.9358,513.398.4818 fax,9am - 10pm Every Day"
-81.536725,41.501218,WF - Cedar Center,"13998 Cedar Rd., University Heights, OH 44118,216.932.3918,216.371.5402 fax,8:00 a.m. to 9:00 p.m. seven days a week"
-84.44414,39.148706,WF - Cincinnati,"2693 Edmondson Rd., Cincinnati, OH 45209,513.531.8015,513.531.1354 fax,8am-10pm Everyday"
-83.054779,40.007204,WF - West Lane,"1649 W. Lane Ave., Upper Arlington, OH 43221,614.481.3400,614.481.0416 fax,8:00 a.m. to 9:00 p.m. Every Day"
-97.529798,35.533718,WF - Oklahoma City,"6001 N. Western Ave.,Oklahoma City, OK 73118, Store hours will be 8:00am – 10:00pm daily."
-95.973409,36.104421,WF - Tulsa,"1401 E. 41st St., Tulsa, OK 74105,918.712.7555,918.712.7553 fax,8:00 a.m. to 10:00 p.m. seven days a week."
-122.683361,45.523549,WF - Pearl,"1210 NW Couch St, Portland, OR 97209,503.525.4343,503.525.2021 fax,7:00 a.m. to 10:00 p.m. seven days a week."
-122.618771,45.536818,WF - Hollywood,"4301 NE Sandy Blvd, Portland, OR 97213,503-284-2644,503-284-2645 fax,Monday - Saturday: 8-10,Sunday: 8-9"
-122.650589,45.548541,WF - Fremont,"3535 NE 15th Ave., Portland, OR 97212,503.288.3414,503.288.1208 fax,8:00 a.m. to 10:00 p.m. seven days a week."
-122.877228,45.534321,WF - Tanasbourne,"19440 NW Cornell Rd, Hillsboro, OR 97124,503.645.9200,503.645.9277 fax,8:00 a.m. to 10:00 p.m. seven days a week."
-122.63686,45.523012,WF - Laurelhurst,"2825 East Burnside St., Portland, OR 97214,503.232.6601,503.232.6763 fax,8:00 a.m. to 10:00 p.m. seven days a week."
-121.266068,44.055059,WF - Bend,"2610 NE Hwy 20, Bend, OR 97701,541.389.0151,541.389.0526 fax,8:00 a.m. to 9:00 p.m. seven days a week."
-122.752089,45.394541,WF - Bridgeport,"7380 SW Bridgeport Rd, Tigard, OR 97224,503.639.6500,503.639.6100 fax,8:00am-10:00pm Everyday"
-75.225019,40.209971,WF - North Wales,"1210 Bethlehem Pike, North Wales, PA 19454,215.646.6300,215.542.2190 fax,8:00 a.m. to 9:00 p.m. Monday to Saturday,8:00 a.m. to 9:00 p.m. Sunday."
-80.053394,40.613616,WF - Wexford,"10576 Perry Highway, Wexford, PA 15090, 724-940-6100, 8am-9pm daily"
-75.54404,39.865826,WF - Glen Mills,"475 Wilmington West Chester Pike, Glen Mills, PA 19342, 610-358-1133, 8am-9pm daily"
-75.2776,40.001874,WF - Wynnewood,"339 East Lancaster Ave, Wynnewood, PA 19096,610.896.3737,610.896.9129 fax,8:00 a.m. to 9:00 p.m. seven days a week."
-79.928449,40.458822,WF - Pittsburgh,"5880 Centre Ave, Pittsburgh, PA 15206,412.441.7960,412.441.2907 fax,8:00 a.m. to 10:00 p.m. seven days a week."
-75.157937,39.942755,WF - South Street,"929 South St, Philadelphia, PA 19147,215.733.9788,215.733.9787 fax,8:00 a.m. to 10:00 p.m. seven days a week."
-75.283734,40.115334,WF - Plymouth Meeting,"500 W. Germantown Pike, Plymouth Meeting, PA 19462,610.832.0010,610.832.0014 fax,8:00 a.m. to 9:00 p.m. seven days a week."
-75.120453,40.106229,WF - Jenkintown,"1575 The Fairway, Jenkintown, PA 19046,215.481.0800,215.481.0808 fax,8:00 a.m. to 9:00 p.m. every day"
-75.172217,39.961205,WF - Callowhill,"2001 Pennsylvania Ave, Philadelphia, PA 19130,215.557.0015,215.557.9521 fax,8:00 a.m. to 10:00 p.m. seven days a week."
-75.412414,40.048174,WF - Devon,"821 Lancaster Ave, Wayne, PA 19087,610.688.9400,610.688.9401 fax,8:00 a.m. to 9:00 p.m. seven days a week."
-71.409309,41.83717,WF - University,"601 N Main St, Providence, RI 02904,401.621.5990,401.621.5991 fax,8:00 a.m. to 10:00 p.m. seven days a week."
-71.457116,41.755672,WF - Garden City Center,"151 Sockanosset Cross Road, Cranston, RI 02920,401.942.7600,401.942.7660 fax,8:00 a.m. to 9:00 p.m. seven days a week."
-71.386034,41.828065,WF - Providence,"261 Waterman St, Providence, RI 02906,401.272.1690,401.272.0280 fax,8:00 a.m. to 9:00 p.m. seven days a week."
-79.889796,32.802079,WF - Charleston,"923 Houston Northcutt Blvd, Mount Pleasant, SC 29464,843.971.7240,843.971.7440 fax,8:00 a.m. to 9:00 p.m. every day."
-80.975927,33.991637,WF - Columbia,"702 Cross Hill Rd + Fort Jackson Blvd, Suite 300, Columbia  South Carolina  29205-2084., Phone: 803.509.6700, Store Hours: Monday - Saturday 7am - 9pm, Sunday 9am - 9pm "
-82.305233,34.830299,WF - Greenville,"1140 Woodruff Road, Greenville, SC 29607,864.335.2300,864.335.2310 fax,Sunday - Thursday: 8am-9pm,Friday and Saturday: 8am- 10pm"
-85.314224,35.06263,WF - Chattanooga,"301 Manufacturers Rd, Chattanooga, TN 37405,423.702.7300,423.702.7399 fax,7am-9pm Every Day"
-89.894596,35.112669,WF - Poplar,"5022 Poplar Ave., Memphis, TN 38117,901.685.2293,901.685.7961 fax,Monday to Saturday 8:00 a.m. to 10:00 p.m.,Sunday 9:00 a.m. to 9:00 p.m."
-86.819068,36.103429,WF - Green Hills,"4021 Hillsboro Pike, Nashville, TN 37215,615.440.5100,615.440.5110 fax,8:00 a.m. to 10:00 p.m. Monday to Saturday. ,8:00 a.m. to 9:00 pm. Sunday."
-86.824924,35.935901,WF - McEwen,"1566 West McEwen Drive, Franklin, TN 37067,615.550.5660,Mon - Sat: 7am - 10pm,Sunday: 9am - 9pm"
-97.754274,30.270607,WF - Lamar,"525 N Lamar Blvd., Austin, TX 78703,512.476.1206,512.476.5704 fax,8:00 a.m. to 10:00 p.m. seven days a week"
-96.752078,32.815725,WF - Lakewood,"2118 Abrams Road, Dallas, TX 75214,214-824-1744,214-824-2730 fax,8:00 a.m. - 10:00 p.m. Every Day"
-96.795189,33.029391,WF - Plano,"2201 Preston Rd, Plano, TX 75093,972.612.6729,972.867.0414 fax,7:00 a.m. to 10:00 p.m. seven days a week."
-95.623349,29.59822,WF - Sugar Land,"15900 Southwest Freeway, Sugar Land, TX 77479,281.491.5577,281.491.5636 fax,8:00 a.m.to 9:00 p.m. Seven days a week"
-95.398112,29.759548,WF - Montrose,"701 Waugh Drive, Houston, TX 77019,713-284-1260,713-284-1293 fax,Every day: 7am - 10pm"
-97.937587,30.307817,WF - Bee Cave,"12601 Hill Country Blvd, Bee Cave, TX 78738, 512.206.2730, 512.206.2760 fax, 8am-10pm, seven days a week"
-95.497099,29.755773,WF - Woodway,"6401 Woodway Dr, Houston, TX 77057,713.789.4477,713.789.9419 fax,8:00 a.m. to 10:00 p.m. seven days a week."
-95.441234,29.706182,WF - Bellaire,"4004 Bellaire Blvd, Houston, TX 77025,713.667.4090,713.667.4013 fax,8:00 a.m. to 10:00 p.m. seven days a week."
-97.840656,30.221646,WF - Arbor Trails,"4301 W. William Cannon, Bldg B, Ste 800, Austin, TX 78749, 512.358.2460, 512.358.2490 fax, 8am-10pm seven days a week"
-96.81539,32.820519,WF - Highland Park,"4100 Lomo Alto Dr, Highland Park, TX 75219,214.520.7993,214.528.5237 fax,8:00 a.m. to 10:00 p.m. seven days a week."
-97.743227,30.387993,WF - Gateway,"9607 Research Blvd., Austin, TX 78759,512.345.5003,512.345.5331 fax,8:00 a.m. to 10:00 p.m. seven days a week."
-98.510924,29.613418,WF - Vineyard,"18403 Blanco Road, San Antonio  Texas  78258., Phone: 210-408-3110, Store Hours: Coffee bar and breakfast opens at 7am; store is open 8am -10pm seven days a week"
-96.80397,32.907737,WF - Forest,"11700 Preston Rd, Dallas, TX 75230,214.361.8887,214.361.9169 fax,8:00 a.m. to 10:00 p.m. seven days a week."
-98.479774,29.493716,WF - Alamo Quarry,"255 E. Basse Rd, San Antonio, TX 78209,210.826.4676,210.930.3388 fax,8:00 a.m. to 9:00 p.m. seven days a week."
-96.650924,33.131104,WF - Fairview,"105 Stacy Rd., Fairview, TX 75069,972.549.4090,8:00 a.m. to 10:00 p.m. seven days a week."
-95.418608,29.739032,WF - Kirby,"2955 Kirby Dr, Houston, TX 77098,713.520.1937,713.526.4376 fax,8:00 a.m. to 10:00 p.m. seven days a week."
-97.099182,32.765687,WF - Arlington,"801 East Lamar Blvd., Arlington, TX 76011,817.461.9362,817.461.1688 fax,8:00 a.m. to 10:00 p.m. seven days a week."
-95.573018,29.73651,WF - Wilcrest,"11145 Westheimer Rd, Houston, TX 77042,713.784.7776,713.954.3768 fax,8:00 a.m. to 10:00 p.m. seven days a week."
-96.765899,32.87187,WF - Park Lane,"8190 Park Lane, Dallas, TX 75231,214.342.4850,8am-10pm Everyday"
-96.767641,32.949422,WF - Richardson,"101 South Coit, Richardson, TX 75080,972.699.8075,972.699.9419 fax,8:00 a.m. to 10:00 p.m. seven days a week."
-111.87114,40.757494,WF - Trolley Square,"544 South 700 East, Salt Lake City, UT 84102,801.924.9060,7am - 10pm Everyday"
-111.834237,40.625918,WF - Cottonwood Heights,"6930 S. Highland Drive, Cottonwood Heights, UT 84121,801.733.9455,801.733.1703 fax,8:00 a.m. to 9:30 p.m. seven days a week."
-111.543122,40.72094,WF - Park City,"1748 West Redstone Center Drive, Park City, UT 84098,435.575.0200,435.575.0205 fax,7:30 a.m. to 9:00 p.m. seven days a week."
-111.858348,40.723448,WF - Sugarhouse,"1131 E. Wilmington Ave., Salt Lake City, UT 84106,801.359.7913,801.485.7919 fax,7:30 a.m. to 10:00 p.m. seven days a week."
-77.090769,38.889522,WF - Arlington,"2700 Wilson Blvd, Arlington, VA 22201,703.527.6596,703.527.6568 fax,8:00 a.m. to 10:30 p.m. seven days a week."
-77.204086,38.903038,WF - Tysons,"7511 Leesburg Pike, Falls Church, VA 22043,703.448.1600,703.847.1441 fax,8:00 a.m. to 9:30 p.m. seven days a week."
-76.028025,36.850142,WF - Virginia Beach,"1800 Laskin Road, Virginia Beach  Virginia  23454., Phone: 757-422-0444, Store Hours: 8 am to 9 pm Seven days a week."
-77.376652,38.858435,WF - Fair Lakes,"4501 Market Commons Dr, Fairfax, VA 22033,703.222.2058,703.222.5090 fax,8:00 a.m. to 9:00 p.m. seven days a week."
-78.490366,38.059962,WF - Charlottesville,"1797 Hydraulic Road,Charlottesville VA 22901,434.973.4900,434.973.4650 fax,Monday - Saturday: 8am - 10pm, Sunday: 8am - 9pm"
-77.349078,38.95163,WF - Reston,"11660 Plaza America Dr, Reston, VA 20191,703.736.0600,703.736.0674 fax,8:00 a.m. to 9:00 p.m. everyday."
-77.059624,38.804246,WF - Old Town,"1700 Duke St, Alexandria, VA 22314,703.706.0891,703.838.2908 fax,8:00 a.m. to 10:00 p.m. seven days a week."
-77.263674,38.902595,WF - Vienna,"143 Maple Ave East, Vienna, VA 22180,703.319.2000,703.319.2001 fax,8:00 a.m. to 9:00 p.m. seven days a week."
-77.233997,38.779264,WF - Springfield,"8402 Old Keene Mill Rd, Springfield, VA 22152,703.644.2500,703.644.7447 fax,8:00 a.m. to 9:00 p.m. seven days a week."
-77.600104,37.648609,WF - Short Pump,"11173 West Broad Street, Glen Allen, VA 23060,804.364.4050,804.364.4032 fax,8am-10pm seven days a week."
-122.338291,47.618082,WF - Westlake,"2210 Westlake Ave, Seattle, WA 98121,206.621.9700,206.621.9705 fax,7:00 a.m. to 10:00 p.m. seven days a week."
-122.273309,47.820862,WF - Lynnwood,"2808 SW 196th St., Lynnwood, WA 98036, 425.775.1320, 425.775.1329 fax, 8am - 10pm daily"
-122.317015,47.675107,WF - Roosevelt Square,"1026 NE 64th Street, Seattle, WA 98115,206.985.1500,206.985.8500 fax,7:00 a.m. to 10:00 p.m. seven days a week."
-122.185534,47.618072,WF - Bellevue,"888 116th Ave NE, Bellevue, WA 98004,425.462.1400,7:00 a.m. to 10:00 p.m. seven days a week."
-122.100869,47.666515,WF - Redmond,"17991 Redmond Way, Redmond, WA 98052,425.881.2600,425.881.2660 fax,8:00 a.m. to 10:00 p.m. seven days a week."
-122.37713,47.637174,WF - Interbay,"2001 15th Avenue W, Seattle, WA 98119,206.352.5440,206.352.5414 fax,7am to 10pm Everyday"
-122.507387,45.615538,WF - Mill Plain,"815 Southeast 160th Avenue, Vancouver, WA 98683,360.253.4082,360.253.8270 fax,8:00 a.m. to 10:00 p.m. seven days a week."
-89.443819,43.0751,WF - Madison,"3313 University Ave, Madison, WI 53705,608.233.9566,608.233.8066 fax,8:00 a.m. to 10:00 p.m. seven days a week."
-87.883706,43.060374,WF - Milwaukee,"2305 N. Prospect Ave, Milwaukee, WI 53211,414.223.1500,414.223.3150 fax,8:00 a.m. to 10:00 p.m. seven days a week."
-123.115258,49.264039,WF - Cambie,"510 West 8th Avenue, Vancouver, BC V5Z 1C5,778.370.4210,778.370.4821 fax,8:00 a.m. to 10:00 p.m. Seven Days a Week"
-123.156918,49.268388,WF - Kitsilano,"2285 West 4th Avenue, Vancouver, BC V6K 1N9,604.739.6676,604.739.6694 fax,8:00 a.m. to 10:00 p.m. seven days a week."
-79.679121,43.455966,WF - Oakville,"301 Cornwall Rd, Oakville, ON L6J 7Z5,905.849.8400,905.815.0794 fax,Monday to Friday 8am to 10pm,Saturday 8am to 9pm,Sunday 8am to 8pm"
-123.133193,49.290233,WF - Robson,"1675 Robson Street, Vancouver, BC V6G 1C8,604.687.5288,604.687.5063 fax,8:00 a.m. to 10:00 p.m. seven days a week."
-79.644976,43.594606,WF - Square One,"155 Square One Drive,Mississauga, ON L5B 0E2,905.275.9393,Monday - Friday: 8am - 10pm,Saturday - Sunday: 8am - 9pm"
-79.333157,43.857352,WF - Unionville,"3997 Hwy #7, Markham  Ontario  L3R 5M6., Canada, Phone: 905-474-4900, Store Hours: Monday- Friday 8am-10pm Saturday-Sunday 8am-9pm "
-123.142566,49.325598,WF - West Vancouver,"925 Main St, West Vancouver, BC V7T 2Z3,604.678.0500,604.678.0501 fax,8:00 a.m. to 10:00 p.m. seven days a week"
-79.395354,43.672212,WF - Yorkville,"87 Avenue Rd, Toronto, ON M5R 3R9,416.944.0500,416.944.0700 fax,9am-10pm Monday to Friday,9am-9pm Saturday and Sunday"
-0.144453,51.537884,WF - Camden,"49 Parkway,London, UK NW1 7PN,(020)74287575,(020)74287676 fax,8:00 a.m. to 9:00 p.m. Monday to Saturday, 10:00 a.m. to 8:00 p.m. Sunday."
-2.103131,51.917179,WF - Cheltenham,"Gallagher Retail Park, Tewkesbury Road, Gloucestershire  GL51 9RR., United Kingdom, Phone: 0800 975 7870, Store Hours: Monday-Saturday 8am-10pm. Sunday 11am-5pm, cafe open from 10am"
-0.166705,51.463814,WF - Clapham Junction,"305-311 Lavender Hill,London, UK SW11 1LN,(020)75851488,(020)75851489 fax,8 a.m. to 8:30 p.m. Monday to Friday,8:30 a.m. to 7:30 p.m. Saturday,10:30 a.m. to 6:00 p.m. Sunday."
-4.29427,55.80836,WF - Giffnock,"124-134 Fenwick Road, Glasgow, UK G46 6XN, 0141 621 2700, Monday - Sunday 8am - 9pm"
-0.190458,51.501303,WF - Kensington,"63-97 Kensington High Street, The Barkers Building,London, UK W8 5SE,(020)73684500,Monday to Saturday 8am to 10pm.,Sunday: browsing- 11am. sales- 12 to 6pm.,Restaurant 8am to 9:45pm except Sunday 10am-5:45pm."
-0.136087,51.51047,WF - Piccadilly Circus,"12 to 20 Glasshouse Street, London, UK W1B 5AR, Monday - Friday 7:30 - 9:30 Saturday 9:00 - 9:30 Sunday 12:00 - 6:00"
-0.074823,51.562232,WF - Stoke Newington,"32-40 Stoke Newington Church St,London, UK N16 0LU,(020)72542332,(020)72549669 fax,8am-9pm Monday to Saturday,9am-9pm Sunday."
